step	eval_mae
0	25.38433059126451
0	25.38433059126451
1	22.542086724456183
1	22.542086724456183
2	19.411420472212736
2	19.411420472212736
3	17.128556583909496
3	17.128556583909496
4	16.024203849597573
4	16.024203849597573
5	16.411229638790367
5	16.411229638790367
6	14.616641546577213
6	14.616641546577213
7	15.015024785469988
7	15.015024785469988
