step	eval_mse
0	362.5760592068788
0	362.5760592068788
1	327.46567037373865
1	327.46567037373865
2	308.4565600580033
2	308.4565600580033
3	315.7972960898551
3	315.7972960898551
4	335.16942207170297
4	335.16942207170297
5	316.05461269016314
5	316.05461269016314
6	313.752316908177
6	313.752316908177
7	317.0212438103195
7	317.0212438103195
8	313.3936048183652
8	313.3936048183652
9	312.50934405568205
9	312.50934405568205
10	308.4565600580033
