step	eval_spearman
0	0.643081801027783
0	0.643081801027783
1	0.627505209317262
1	0.627505209317262
2	0.6845541296988283
2	0.6845541296988283
3	0.683941293845633
3	0.683941293845633
4	0.6996684775575103
4	0.6996684775575103
5	0.7098164948139781
5	0.7098164948139781
6	0.7531334709123944
6	0.7531334709123944
