step	eval_mae
0	25.38433059126451
0	25.38433059126451
1	22.542086724456183
1	22.542086724456183
