step	eval_mse
0	868.9531648255222
0	868.9531648255222
1	706.8686651208302
1	706.8686651208302
2	533.9812673841752
2	533.9812673841752
3	433.59207549678075
3	433.59207549678075
4	379.0904182483739
4	379.0904182483739
5	406.59471322425713
5	406.59471322425713
6	334.34800865045725
6	334.34800865045725
