step	eval_mse
0	868.9531648255222
0	868.9531648255222
1	706.8686651208302
1	706.8686651208302
