step	eval_loss
0	1.2221299409866333
0	1.2221299409866333
1	0.9941229820251465
1	0.9941229820251465
2	0.7509723901748657
2	0.7509723901748657
3	0.6098052263259888
3	0.6098052263259888
4	0.5332460403442383
4	0.5332460403442383
5	0.5718051195144653
5	0.5718051195144653
6	0.47026097774505615
6	0.47026097774505615
