step	eval_mae
0	15.5717139094629
0	15.5717139094629
1	14.198834298446522
1	14.198834298446522
2	13.937454119178602
2	13.937454119178602
3	14.208612544536475
3	14.208612544536475
4	14.519211553425402
4	14.519211553425402
5	14.25538186063954
5	14.25538186063954
6	14.007711175914986
6	14.007711175914986
7	13.986522888995648
7	13.986522888995648
8	14.014819889600085
8	14.014819889600085
9	14.079186056745664
9	14.079186056745664
10	13.937454119178602
