step	eval_spearman
0	0.643081801027783
0	0.643081801027783
1	0.627505209317262
1	0.627505209317262
2	0.6845541296988283
2	0.6845541296988283
3	0.683941293845633
3	0.683941293845633
