step	eval_mse
0	868.9531648255222
0	868.9531648255222
