step	eval_mae
0	25.38433059126451
0	25.38433059126451
1	22.542086724456183
1	22.542086724456183
2	19.411420472212736
2	19.411420472212736
3	17.128556583909496
3	17.128556583909496
