step	eval_spearman
0	0.7684477237310626
0	0.7684477237310626
1	0.7712441633197161
1	0.7712441633197161
2	0.7757911340807078
2	0.7757911340807078
3	0.7768497780742185
3	0.7768497780742185
4	0.7745347821687303
4	0.7745347821687303
5	0.7778908091723222
5	0.7778908091723222
6	0.7776317721359725
6	0.7776317721359725
7	0.777246420876998
7	0.777246420876998
8	0.778682475247415
8	0.778682475247415
9	0.7797982768114552
9	0.7797982768114552
10	0.7757911340807078
