step	eval_loss
0	1.2221299409866333
0	1.2221299409866333
1	0.9941229820251465
1	0.9941229820251465
2	0.7509723901748657
2	0.7509723901748657
3	0.6098052263259888
3	0.6098052263259888
