step	eval_spearman
0	0.643081801027783
0	0.643081801027783
