step	eval_loss
0	1.2221299409866333
0	1.2221299409866333
