step	eval_loss
0	1.2221299409866333
0	1.2221299409866333
1	0.9941229820251465
1	0.9941229820251465
