step	eval_loss
0	0.5098701119422913
0	0.5098701119422913
1	0.4605342149734497
1	0.4605342149734497
2	0.4338739216327667
2	0.4338739216327667
3	0.4441307783126831
3	0.4441307783126831
4	0.47134244441986084
4	0.47134244441986084
5	0.44450291991233826
5	0.44450291991233826
6	0.44126972556114197
6	0.44126972556114197
7	0.445855051279068
7	0.445855051279068
8	0.4407544434070587
8	0.4407544434070587
9	0.4395107924938202
9	0.4395107924938202
10	0.4338739216327667
