step	eval_mae
0	25.38433059126451
0	25.38433059126451
