step	learning_rate
0	4.765625e-05
1	4.5312500000000004e-05
2	4.2968750000000004e-05
3	4.0625000000000005e-05
4	3.828125e-05
