step	eval_matthew
0	0.7039408675125425
0	0.7039408675125425
1	0.7378662774893491
1	0.7378662774893491
2	0.7584111326776227
2	0.7584111326776227
3	0.7769522697727546
3	0.7769522697727546
4	0.7922728188474769
4	0.7922728188474769
5	0.8039188566129605
5	0.8039188566129605
6	0.811442031846933
6	0.811442031846933
7	0.8145212150088708
7	0.8145212150088708
8	0.8185384699492824
8	0.8185384699492824
9	0.8185923061730748
9	0.8185923061730748
10	0.8185923061730748
