step	eval_loss
0	0.6371655464172363
0	0.6371655464172363
