step	eval_f1
0	0.8519324986390854
0	0.8519324986390854
1	0.8471193673904858
1	0.8471193673904858
2	0.8656280428432327
2	0.8656280428432327
3	0.8870636550308008
3	0.8870636550308008
4	0.8924225028702639
4	0.8924225028702639
5	0.8984791965566714
5	0.8984791965566714
6	0.9023143628323667
6	0.9023143628323667
7	0.9050954694384815
7	0.9050954694384815
8	0.9065511146587604
8	0.9065511146587604
9	0.9064748201438848
9	0.9064748201438848
10	0.9064748201438848
