step	eval_loss
0	1.968770980834961
0	1.968770980834961
