step	eval_f1
0	0.6181818181818182
0	0.6181818181818182
