step	eval_accuracy
0	0.607595329772699
0	0.607595329772699
