step	eval_matthew
0	0.0
0	0.0
1	0.3333333333333333
1	0.3333333333333333
2	0.3779644730092272
2	0.3779644730092272
