step	eval_matthew
0	-0.07017149719899073
0	-0.07017149719899073
