step	eval_f1
0	0.6939081991037906
0	0.6939081991037906
