step	eval_f1
0	0.0
0	0.0
1	0.6857142857142857
1	0.6857142857142857
2	0.7083333333333333
2	0.7083333333333333
3	0.7234042553191489
3	0.7234042553191489
4	0.6538461538461539
4	0.6538461538461539
4	0.6538461538461539
4	0.6538461538461539
5	0.6538461538461539
5	0.6538461538461539
