step	eval_accuracy
0	0.8494326044838084
0	0.8494326044838084
1	0.8651536119568226
1	0.8651536119568226
2	0.8777747024633269
2	0.8777747024633269
3	0.8873512316634375
3	0.8873512316634375
4	0.8962634929421534
4	0.8962634929421534
5	0.9020758372543592
5	0.9020758372543592
6	0.905840022142264
6	0.905840022142264
7	0.9070024910047052
7	0.9070024910047052
8	0.9092720730694713
8	0.9092720730694713
9	0.9093274287295876
9	0.9093274287295876
10	0.9093274287295876
