step	eval_loss
0	0.6941203474998474
0	0.6941203474998474
1	0.6913898587226868
1	0.6913898587226868
2	0.6890754103660583
2	0.6890754103660583
3	0.6820238828659058
3	0.6820238828659058
4	0.6725854873657227
4	0.6725854873657227
5	0.6406807899475098
5	0.6406807899475098
