step	eval_accuracy
0	0.47022109054775807
0	0.47022109054775807
