step	eval_matthew
0	-0.07017149719899073
0	-0.07017149719899073
1	0.1846729623675794
1	0.1846729623675794
