step	eval_matthew
0	0.19723488999328598
0	0.19723488999328598
