step	eval_matthew
0	0.0
0	0.0
1	0.3333333333333333
1	0.3333333333333333
2	0.3779644730092272
2	0.3779644730092272
3	0.4605661864718383
3	0.4605661864718383
4	0.5388159060803247
4	0.5388159060803247
5	0.6158817620514396
5	0.6158817620514396
6	0.6158817620514396
6	0.6158817620514396
7	0.6546536707079772
7	0.6546536707079772
8	0.6202638734661827
8	0.6202638734661827
9	0.6202638734661827
9	0.6202638734661827
10	0.6202638734661827
10	0.6202638734661827
