step	eval_loss
0	0.6941203474998474
0	0.6941203474998474
1	0.6913898587226868
1	0.6913898587226868
