step	eval_loss
0	0.67637699842453
0	0.67637699842453
1	0.6870191097259521
1	0.6870191097259521
2	0.6860834360122681
2	0.6860834360122681
3	0.6728932857513428
3	0.6728932857513428
4	0.8114994168281555
4	0.8114994168281555
4	0.8114994168281555
4	0.8114994168281555
5	0.8114994168281555
5	0.8114994168281555
