step	eval_loss
0	0.5196821689605713
0	0.5196821689605713
1	0.3835856020450592
1	0.3835856020450592
2	0.32851651310920715
2	0.32851651310920715
3	0.28893882036209106
3	0.28893882036209106
4	0.2570681869983673
4	0.2570681869983673
5	0.24106641113758087
5	0.24106641113758087
6	0.2333616018295288
6	0.2333616018295288
7	0.22997690737247467
7	0.22997690737247467
8	0.22361838817596436
8	0.22361838817596436
9	0.22157810628414154
9	0.22157810628414154
10	0.22157810628414154
