step	eval_matthew
0	0.7308438345244374
0	0.7308438345244374
1	0.7554008634874415
1	0.7554008634874415
2	0.7721242494090157
2	0.7721242494090157
3	0.7895274498409606
3	0.7895274498409606
4	0.7912914501200163
4	0.7912914501200163
5	0.8081684838465629
5	0.8081684838465629
6	0.8171974677213544
6	0.8171974677213544
7	0.8225220330159738
7	0.8225220330159738
8	0.8252346941955916
8	0.8252346941955916
9	0.8244370246028975
9	0.8244370246028975
10	0.8244370246028975
