step	eval_loss
0	0.7016443014144897
0	0.7016443014144897
1	0.6658521890640259
1	0.6658521890640259
2	0.665879487991333
2	0.665879487991333
3	0.6804415583610535
3	0.6804415583610535
4	0.6658668518066406
4	0.6658668518066406
5	0.6290977001190186
5	0.6290977001190186
6	0.7216495275497437
6	0.7216495275497437
7	0.7684627771377563
7	0.7684627771377563
