step	eval_loss
0	0.7016443014144897
0	0.7016443014144897
