step	eval_loss
0	0.7016443014144897
0	0.7016443014144897
1	0.6658521890640259
1	0.6658521890640259
