step	eval_accuracy
0	0.47022109054775807
0	0.47022109054775807
1	0.5938392746242703
1	0.5938392746242703
2	0.5934045460191281
2	0.5934045460191281
3	0.48851074400695566
3	0.48851074400695566
