step	eval_accuracy
0	0.7724283083399105
0	0.7724283083399105
1	0.8688766114180478
1	0.8688766114180478
2	0.8814522494080506
2	0.8814522494080506
3	0.8893975269665877
3	0.8893975269665877
4	0.880926072086293
4	0.880926072086293
5	0.8985003946329914
5	0.8985003946329914
6	0.9058668771375954
6	0.9058668771375954
7	0.9062352012628255
7	0.9062352012628255
8	0.9089187056037885
8	0.9089187056037885
9	0.9092870297290186
9	0.9092870297290186
10	0.9092870297290186
