step	eval_f1
0	0.4008849246760543
0	0.4008849246760543
1	0.45239889475006284
1	0.45239889475006284
