step	eval_f1
0	0.4008849246760543
0	0.4008849246760543
