step	eval_loss
0	0.7016443014144897
0	0.7016443014144897
1	0.6658521890640259
1	0.6658521890640259
2	0.665879487991333
2	0.665879487991333
3	0.6804415583610535
3	0.6804415583610535
