step	eval_loss
0	2.0259041786193848
0	2.0259041786193848
