step	eval_f1
0	0.6415094339622641
0	0.6415094339622641
