step	eval_matthew
0	0.2865756512070317
0	0.2865756512070317
