step	eval_accuracy
0	0.8639018378610084
0	0.8639018378610084
1	0.8774580721213096
1	0.8774580721213096
2	0.8858168568826019
2	0.8858168568826019
3	0.8947650431334726
3	0.8947650431334726
4	0.895568772437443
4	0.895568772437443
5	0.9040883030595296
5	0.9040883030595296
6	0.9084820232545678
6	0.9084820232545678
7	0.9112682848416653
7	0.9112682848416653
8	0.912607833681616
8	0.912607833681616
9	0.9120720141456358
9	0.9120720141456358
10	0.9120720141456358
