step	eval_f1
0	0.7608515344207907
0	0.7608515344207907
1	0.8729090167278661
1	0.8729090167278661
2	0.8834996638916179
2	0.8834996638916179
3	0.8877856075165492
3	0.8877856075165492
4	0.8729151457292076
4	0.8729151457292076
5	0.9023736019029304
5	0.9023736019029304
6	0.9049667994687915
6	0.9049667994687915
7	0.9066526977475118
7	0.9066526977475118
8	0.9084659721855004
8	0.9084659721855004
9	0.9090525427305338
9	0.9090525427305338
10	0.9090525427305338
