step	eval_loss
0	0.5028050541877747
0	0.5028050541877747
1	0.3493742048740387
1	0.3493742048740387
2	0.2958514094352722
2	0.2958514094352722
3	0.2638959586620331
3	0.2638959586620331
4	0.25466248393058777
4	0.25466248393058777
5	0.2362242341041565
5	0.2362242341041565
6	0.22701993584632874
6	0.22701993584632874
7	0.22077827155590057
7	0.22077827155590057
8	0.21642830967903137
8	0.21642830967903137
9	0.21599909663200378
9	0.21599909663200378
10	0.21599909663200378
