step	eval_loss
0	0.6632276773452759
0	0.6632276773452759
1	0.4298703968524933
1	0.4298703968524933
2	0.32646483182907104
2	0.32646483182907104
3	0.28062817454338074
3	0.28062817454338074
4	0.2855839133262634
4	0.2855839133262634
5	0.25018060207366943
5	0.25018060207366943
6	0.23644758760929108
6	0.23644758760929108
7	0.23187735676765442
7	0.23187735676765442
8	0.22689233720302582
8	0.22689233720302582
9	0.22346128523349762
9	0.22346128523349762
10	0.22346128523349762
