step	eval_matthew
0	0.0
0	0.0
1	0.44219443899559935
1	0.44219443899559935
2	0.46323455749702763
2	0.46323455749702763
3	0.4963635881027162
3	0.4963635881027162
4	0.32494624495722557
4	0.32494624495722557
4	0.32494624495722557
4	0.32494624495722557
5	0.32494624495722557
5	0.32494624495722557
