step	eval_f1
0	0.855780149897797
0	0.855780149897797
1	0.8784221997767263
1	0.8784221997767263
2	0.8867152198181916
2	0.8867152198181916
3	0.8940325887558002
3	0.8940325887558002
4	0.8933749111001696
4	0.8933749111001696
5	0.9028862847222222
5	0.9028862847222222
6	0.9087021595039555
6	0.9087021595039555
7	0.910302242443939
7	0.910302242443939
8	0.9113249605828305
8	0.9113249605828305
9	0.909948965592932
9	0.909948965592932
10	0.909948965592932
