step	eval_matthew
0	0.3147383444699583
0	0.3147383444699583
