step	eval_loss
0	0.6941203474998474
0	0.6941203474998474
