step	eval_matthew
0	0.5485242506481749
0	0.5485242506481749
1	0.7385724390762448
1	0.7385724390762448
2	0.763036497823494
2	0.763036497823494
3	0.7795459150312786
3	0.7795459150312786
4	0.7695940976041199
4	0.7695940976041199
5	0.7986317705314818
5	0.7986317705314818
6	0.8121960022422311
6	0.8121960022422311
7	0.812476366585496
7	0.812476366585496
8	0.8180832818907551
8	0.8180832818907551
9	0.818732396717365
9	0.818732396717365
10	0.818732396717365
