step	eval_matthew
0	-0.07017149719899073
0	-0.07017149719899073
1	0.1846729623675794
1	0.1846729623675794
2	0.23657092960328707
2	0.23657092960328707
3	0.10619574280253531
3	0.10619574280253531
4	0.27513671620098706
4	0.27513671620098706
