step	learning_rate
0	4.5294117647058826e-05
1	4.058823529411765e-05
2	3.5882352941176474e-05
3	3.11764705882353e-05
4	2.647058823529412e-05
5	2.1764705882352943e-05
6	1.7058823529411767e-05
7	1.2352941176470589e-05
8	7.647058823529413e-06
9	2.9411764705882355e-06
