step	learning_rate
0	5e-05
1	4.8e-05
2	4.7e-05
3	4.600000000000001e-05
4	4.4000000000000006e-05
5	4.2e-05
6	4e-05
7	3.8e-05
8	3.6e-05
9	3.4000000000000007e-05
10	3.2000000000000005e-05
11	3e-05
12	2.8000000000000003e-05
13	2.6000000000000002e-05
14	2.4e-05
15	2.2000000000000003e-05
16	2e-05
17	1.8e-05
18	1.6000000000000003e-05
19	1.4000000000000001e-05
20	1.2e-05
21	1e-05
22	8.000000000000001e-06
23	6e-06
24	4.000000000000001e-06
