step	learning_rate
0	4.523809523809524e-05
1	4.047619047619048e-05
2	3.571428571428572e-05
3	3.095238095238095e-05
4	2.6190476190476192e-05
5	2.1428571428571428e-05
6	1.6666666666666667e-05
7	1.1904761904761905e-05
8	7.142857142857143e-06
9	2.3809523809523808e-06
