step	learning_rate
0	4.8333333333333334e-05
1	4.5833333333333334e-05
2	4.3333333333333334e-05
3	4.0833333333333334e-05
4	3.8333333333333334e-05
