step	learning_rate
0	4.8e-05
1	4.600000000000001e-05
2	4.4000000000000006e-05
3	4.2e-05
4	4e-05
5	3.8e-05
6	3.6e-05
7	3.4000000000000007e-05
8	3.2000000000000005e-05
9	3e-05
10	2.8000000000000003e-05
11	2.6000000000000002e-05
