step	learning_rate
0	4.506172839506173e-05
1	4.012345679012346e-05
2	3.518518518518519e-05
3	3.0246913580246916e-05
4	2.5308641975308646e-05
5	2.037037037037037e-05
6	1.54320987654321e-05
7	1.0493827160493827e-05
8	5.555555555555556e-06
9	6.17283950617284e-07
