step	learning_rate
0	4.8e-05
1	4.600000000000001e-05
2	4.4000000000000006e-05
3	4.2e-05
4	4e-05
