step	learning_rate
0	4.666666666666667e-05
1	4.3333333333333334e-05
2	4e-05
3	3.6666666666666666e-05
4	3.3333333333333335e-05
4	1.6666666666666667e-05
4	1.6666666666666667e-05
