step	learning_rate
0	4.8e-05
1	4.600000000000001e-05
2	4.4000000000000006e-05
3	4.2e-05
4	4e-05
5	3.8e-05
6	3.6e-05
7	3.4000000000000007e-05
8	3.2000000000000005e-05
9	3e-05
10	2.8000000000000003e-05
11	2.6000000000000002e-05
12	2.4e-05
13	2.2000000000000003e-05
14	2e-05
15	1.8e-05
16	1.6000000000000003e-05
17	1.4000000000000001e-05
18	1.2e-05
19	1e-05
20	8.000000000000001e-06
21	6e-06
22	4.000000000000001e-06
23	2.0000000000000003e-06
24	0.0
