step	learning_rate
0	4.8333333333333334e-05
1	4.5833333333333334e-05
