step	learning_rate
0	4.75e-05
1	4.5e-05
2	4.25e-05
3	4e-05
4	3.7500000000000003e-05
5	3.5e-05
6	3.2500000000000004e-05
7	3e-05
8	2.7500000000000004e-05
9	2.5e-05
10	2.25e-05
11	2e-05
12	1.75e-05
13	1.5e-05
14	1.25e-05
15	1e-05
16	7.5e-06
17	5e-06
18	2.5e-06
19	0.0
