{
    "loss": 0.1861,
    "learning_rate": 8.19672131147541e-07,
    "epoch": 1.96,
    "eval_loss": 0.18870986998081207,
    "eval_f1": 0.9056899934597776,
    "eval_accuracy": 0.9240919459554308,
    "eval_matthew": 0.8446274284615868,
    "eval_runtime": 66.6086,
    "eval_samples_per_second": 427.798,
    "eval_steps_per_second": 2.237,
    "step": 19
}