{
    "loss": 0.6926,
    "learning_rate": 4.5833333333333334e-05,
    "epoch": 0.2,
    "eval_loss": 0.6913898587226868,
    "eval_f1": 0.45239889475006284,
    "eval_accuracy": 0.5938392746242703,
    "eval_matthew": 0.1846729623675794,
    "eval_runtime": 74.9761,
    "eval_samples_per_second": 429.523,
    "eval_steps_per_second": 2.241,
    "step": 1
}