{
    "loss": 0.0153,
    "learning_rate": 0.0,
    "epoch": 50.0,
    "eval_loss": 0.7234892845153809,
    "eval_f1": 0.8365650969529086,
    "eval_accuracy": 0.815625,
    "eval_matthew": 0.6530551586024452,
    "eval_runtime": 4.917,
    "eval_samples_per_second": 65.08,
    "eval_steps_per_second": 1.627,
    "step": 24
}