{
    "loss": 0.0013,
    "learning_rate": 0.0,
    "epoch": 50.0,
    "eval_loss": 1.3999956846237183,
    "eval_f1": 0.7865168539325842,
    "eval_accuracy": 0.7625,
    "eval_matthew": 0.5488441813267922,
    "eval_runtime": 3.9507,
    "eval_samples_per_second": 40.499,
    "eval_steps_per_second": 1.012,
    "step": 24
}