{
    "loss": 0.6596,
    "learning_rate": 3.625e-05,
    "epoch": 0.6,
    "eval_loss": 0.6371655464172363,
    "eval_f1": 0.6939081991037906,
    "eval_accuracy": 0.607595329772699,
    "eval_matthew": 0.3147383444699583,
    "eval_runtime": 77.4639,
    "eval_samples_per_second": 415.729,
    "eval_steps_per_second": 2.169,
    "step": 0
}