{
    "loss": 0.2133,
    "learning_rate": 2.3809523809523808e-06,
    "epoch": 0.95,
    "eval_loss": 0.21599909663200378,
    "eval_f1": 0.909948965592932,
    "eval_accuracy": 0.9120720141456358,
    "eval_matthew": 0.8244370246028975,
    "eval_runtime": 140.3216,
    "eval_samples_per_second": 133.002,
    "eval_steps_per_second": 1.668,
    "step": 9
}