{
    "loss": 0.6552,
    "learning_rate": 3.5833333333333335e-05,
    "epoch": 0.6,
    "eval_loss": 0.6406807899475098,
    "eval_f1": 0.6578536674928853,
    "eval_accuracy": 0.6528071047074897,
    "eval_matthew": 0.311380931166082,
    "eval_runtime": 75.4162,
    "eval_samples_per_second": 427.017,
    "eval_steps_per_second": 2.228,
    "step": 5
}