{
    "loss": 0.1913,
    "learning_rate": 1.6666666666666667e-05,
    "epoch": 10.0,
    "eval_loss": 0.8114994168281555,
    "eval_f1": 0.6538461538461539,
    "eval_accuracy": 0.55,
    "eval_matthew": 0.32494624495722557,
    "eval_runtime": 3.4226,
    "eval_samples_per_second": 11.687,
    "eval_steps_per_second": 0.292,
    "step": 4
}