{
    "loss": 0.9836,
    "learning_rate": 4.765625e-05,
    "epoch": 0.09,
    "eval_loss": 1.2221299409866333,
    "eval_mse": 868.9531648255222,
    "eval_mae": 25.38433059126451,
    "eval_r2": 0.024,
    "eval_spearman": 0.643081801027783,
    "eval_runtime": 50.8396,
    "eval_samples_per_second": 407.301,
    "eval_steps_per_second": 2.124,
    "step": 0
}