{
    "loss": 0.3164,
    "learning_rate": 6.25e-07,
    "epoch": 0.94,
    "eval_loss": 0.4395107924938202,
    "eval_mse": 312.50934405568205,
    "eval_mae": 14.079186056745664,
    "eval_r2": 0.649,
    "eval_spearman": 0.7797982768114552,
    "eval_runtime": 48.8126,
    "eval_samples_per_second": 424.214,
    "eval_steps_per_second": 2.213,
    "step": 9
}