{
    "loss": 0.3748,
    "learning_rate": 3.125e-05,
    "epoch": 0.75,
    "eval_loss": 0.49634233117103577,
    "eval_mse": 352.94890491705183,
    "eval_mae": 15.015024785469988,
    "eval_r2": 0.604,
    "eval_spearman": 0.7613280015818782,
    "eval_runtime": 48.9888,
    "eval_samples_per_second": 422.688,
    "eval_steps_per_second": 2.205,
    "step": 7
}