{
    "loss": 0.3645,
    "learning_rate": 2.890625e-05,
    "epoch": 0.84,
    "eval_loss": 0.4489758312702179,
    "eval_mse": 319.1957465323271,
    "eval_mae": 14.21001631444348,
    "eval_r2": 0.642,
    "eval_spearman": 0.767686352849793,
    "eval_runtime": 48.9621,
    "eval_samples_per_second": 422.919,
    "eval_steps_per_second": 2.206,
    "step": 8
}